name,url,country (alpha2),notes,,
IdenTrust,https://w3techs.com/technologies/details/sc-identrust,US,,,
DigiCert Group,https://w3techs.com/technologies/details/sc-groupdigicert,US,,,
Sectigo,https://w3techs.com/technologies/details/sc-sectigo,US,,,
Cloudflare,https://w3techs.com/technologies/details/dn-cloudflare,US,,,
GoDaddy Group,https://w3techs.com/technologies/details/sc-groupgodaddy,US,,,
Google,https://w3techs.com/technologies/details/ho-google,US,,,
Amazon,https://w3techs.com/technologies/details/ho-amazon,US,,,
Endurance Group,https://w3techs.com/technologies/details/ho-groupendurance,US,,,
Shopify,https://w3techs.com/technologies/details/ho-shopify,CA,,,
OVH,https://w3techs.com/technologies/details/ho-ovhsas,FR,,,
Hetzner,https://w3techs.com/technologies/details/ho-hetzner,DE,,,
GlobalSign,https://w3techs.com/technologies/details/sc-globalsign,BE,"founded in belgium, japanese subsidiary",,
GlobalSign,https://w3techs.com/technologies/details/sc-globalsign,JP,"founded in belgium, japanese subsidiary",,
DigitalOcean,https://w3techs.com/technologies/details/ho-digitalocean,US,,,
Namecheap,https://w3techs.com/technologies/details/ho-namecheap,US,,,
United Internet,https://w3techs.com/technologies/details/ho-unitedinternet,DE,,,
Web.com Group,https://w3techs.com/technologies/details/ho-groupwebcom,US,,,
WP Engine,https://w3techs.com/technologies/details/ho-wpengine,US,,,
Squarespace,https://w3techs.com/technologies/details/ho-squarespace,US,,,
Wix,https://w3techs.com/technologies/details/ho-wix,IL,,,
SiteGround,https://w3techs.com/technologies/details/ho-siteground,BG,,,
Microsoft,https://w3techs.com/technologies/details/ho-microsoft,US,,,
team.blue,https://w3techs.com/technologies/details/ho-teamblue,DK,,,
Beget,https://w3techs.com/technologies/details/ho-beget,RU,,,
Liquid Web,https://w3techs.com/technologies/details/ho-liquidweb,US,,,
REG.RU,https://w3techs.com/technologies/details/ho-regru,RU,,,
RBC Group,https://w3techs.com/technologies/details/ho-grouprbc,RU,,,
Linode,https://w3techs.com/technologies/details/ho-linode,US,,,
Alibaba Group,https://w3techs.com/technologies/details/dn-groupalibaba,CN,,,
GMO Internet Group,https://w3techs.com/technologies/details/ho-groupgmointernet,JP,,,
Alibaba,https://w3techs.com/technologies/details/ho-alibaba,CN,,,
DNS Made Easy,https://w3techs.com/technologies/details/dn-dnsmadeeasy,US,,,
TimeWeb,https://w3techs.com/technologies/details/ho-timeweb,RU,,,
DreamHost,https://w3techs.com/technologies/details/ho-dreamhost,US,,,
NS1,https://w3techs.com/technologies/details/dn-nsone,US,,,
Automattic,https://w3techs.com/technologies/details/dn-automattic,US,,,
Automattic Group,https://w3techs.com/technologies/details/ho-groupautomattic,US,,,
Certum,https://w3techs.com/technologies/details/sc-certum,GB,,,
Choopa,https://w3techs.com/technologies/details/ho-choopa,US,,,
Contabo,https://w3techs.com/technologies/details/ho-contabo,DE,,,
Hostinger,https://w3techs.com/technologies/details/ho-hostinger,CY,"HQ & founded in Lithuania (https://www.crunchbase.com/organization/hostinger), but jurisdiction appears to be CyprUS(https://opencorporates.com/companies/cy/HE301365)",,
Hosting Ukraine,https://w3techs.com/technologies/details/ho-hostingukraine,UA,,,
Internap Group,https://w3techs.com/technologies/details/ho-groupinternap,US,,,
PA Vietnam,https://w3techs.com/technologies/details/ho-superdata,VN,,,
Rackspace,https://w3techs.com/technologies/details/ho-rackspace,US,,,
InMotion,https://w3techs.com/technologies/details/ho-inmotion,US,,,
Tucows Group,https://w3techs.com/technologies/details/dn-grouptucows,US,,,
XServer,https://w3techs.com/technologies/details/ho-xserverjp,JP,,,
IBM,https://w3techs.com/technologies/details/ho-softlayer,US,,,
Flywheel,https://w3techs.com/technologies/details/ho-flywheel,US,,,
FirstVDS,https://w3techs.com/technologies/details/ho-firstvds,RU,,,
Radore,https://w3techs.com/technologies/details/ho-radore,TR,,,
Sakura,https://w3techs.com/technologies/details/ho-sakura,JP,,,
LeaseWeb Group,https://w3techs.com/technologies/details/ho-groupleaseweb,NL,,,
A2 Hosting,https://w3techs.com/technologies/details/ho-a2hosting,US,,,
Selectel,https://w3techs.com/technologies/details/ho-selectel,RU,,,
Gandi,https://w3techs.com/technologies/details/ho-gandi,FR,,,
GitHub,https://w3techs.com/technologies/details/ho-github,US,,,
Güzel Hosting,https://w3techs.com/technologies/details/ho-guzelhosting,TR,,,
Scaleway,https://w3techs.com/technologies/details/ho-onlinenet,FR,,,
China Telecom,https://w3techs.com/technologies/details/ho-chinatelecom,CN,,,
Aruba Group,https://w3techs.com/technologies/details/ho-grouparuba,IT,,,
NTT Group,https://w3techs.com/technologies/details/ho-groupntt,JP,,,
Hivelocity,https://w3techs.com/technologies/details/ho-hivelocity,US,,,
Aerotek,https://w3techs.com/technologies/details/ho-aerotekbilisim,US,,,
CSC,https://w3techs.com/technologies/details/dn-corporationservicecompany,US,,,
Netafraz,https://w3techs.com/technologies/details/dn-netafraz,IR,,,
Netlify,https://w3techs.com/technologies/details/ho-netlify,US,,,
Weebly,https://w3techs.com/technologies/details/ho-weebly,US,,,
All-inkl.com,https://w3techs.com/technologies/details/ho-allinklcom,DE,,,
Tebyan,https://w3techs.com/technologies/details/ho-tebyan,IR,"tebyan is a real-estate company, this is probably referring to tebyan smart",,
Internet Hosting Center,https://w3techs.com/technologies/details/ho-internethostingcenter,RU,couldn't find this one :(,,
Jino,https://w3techs.com/technologies/details/ho-jinoru,RU,,,
Tencent,https://w3techs.com/technologies/details/ho-tencent,CN,,,
ServerCentral,https://w3techs.com/technologies/details/ho-servercentral,US,,,
KT Group,https://w3techs.com/technologies/details/ho-groupkt,HK,,,
Kinsta,https://w3techs.com/technologies/details/ho-kinsta,US,,,
Let’s Encrypt,https://w3techs.com/technologies/details/sc-letsencrypt,US,,,
Secom Trust,https://w3techs.com/technologies/details/sc-secomtrust,RO,,,
Masterhost,https://w3techs.com/technologies/details/ho-masterhost,RU,,,
MiroHost,https://w3techs.com/technologies/details/ho-mirohost,UA,,,
Name.com,https://w3techs.com/technologies/details/dn-namecom,US,,,
iomart Group,https://w3techs.com/technologies/details/ho-groupiomart,GB,,,
Netinternet,https://w3techs.com/technologies/details/ho-netinternet,TR,seems to be a turkish provider but jurisdiction may also be in panama (https://opencorporates.com/companies/pa/415829)? not sure how to double-check that these companies are the same & don't just have the same name,,
Neustar UltraDNS,https://w3techs.com/technologies/details/dn-ultradns,US,"company is Neustar, Inc. and UltraDNS seems to be one of its products",,
Prom.ua,https://w3techs.com/technologies/details/ho-promua,UA,,,
PrivateSystems,https://w3techs.com/technologies/details/ho-privatesystems,GB,,,
One.com,https://w3techs.com/technologies/details/ho-onecom,DK,,,
Oracle Dyn,https://w3techs.com/technologies/details/dn-oracledyn,US,,,
Pars Parva System,https://w3techs.com/technologies/details/ho-parsparvasystem,IR,,,
HubSpot,https://w3techs.com/technologies/details/ho-hubspot,US,,,
Pantheon,https://w3techs.com/technologies/details/ho-pantheon,US,,,
Hostopia Group,https://w3techs.com/technologies/details/ho-grouphostopia,US,,,
VNPT,https://w3techs.com/technologies/details/ho-vnpt,VN,,,
Dreamscape Networks,https://w3techs.com/technologies/details/ho-austdomains,AU,,,
Bigcommerce,https://w3techs.com/technologies/details/ho-bigcommerce,US,,,
Xneelo,https://w3techs.com/technologies/details/ho-xneelo,ZA,,,
CS LoxInfo,https://w3techs.com/technologies/details/ho-csloxinfo,TH,,,
Tilda,https://w3techs.com/technologies/details/ho-tilda,GB,,,
Enartia Group,https://w3techs.com/technologies/details/ho-groupenartia,CY,,,
Beltelecom,https://w3techs.com/technologies/details/ho-beltelecom,BY,,,
Entrust,https://w3techs.com/technologies/details/sc-entrust,US,,,
Viettel,https://w3techs.com/technologies/details/ho-viettel,VN,,,
Verizon Group,https://w3techs.com/technologies/details/ho-groupverizon,US,,,
Verizon,,US,,,
FPT,https://w3techs.com/technologies/details/ho-fptvn,VN,,,
FastVPS,https://w3techs.com/technologies/details/ho-fastvps,EE,,,
Webflow,https://w3techs.com/technologies/details/ho-webflow,US,,,
DNS.com,https://w3techs.com/technologies/details/dn-dnscom,US,,,
HostDime,https://w3techs.com/technologies/details/ho-hostdime,BR,,,
China Unicom,https://w3techs.com/technologies/details/ho-chinaunicom,CN,,,
Hawk Host,https://w3techs.com/technologies/details/ho-hawkhost,CA,,,
Hoster.by,https://w3techs.com/technologies/details/ho-hosterby,BY,,,
Cogeco Group,https://w3techs.com/technologies/details/ho-groupcogeco,CA,"some branches of ""cogeco communications"" have jurisdiction inUS(https://opencorporates.com/companies?utf8=✓&q=Cogeco+Communications&commit=Go&jurisdiction_code=&utf8=✓&commit=Go&controller=searches&action=search_companies&order=)",,
Chunghwa Telecom,https://w3techs.com/technologies/details/ho-chunghwatelecom,TW,Taiwan jurisdiction,,
ClouDNS,https://w3techs.com/technologies/details/dn-cloudns,BG,,,
CenturyLink,https://w3techs.com/technologies/details/ho-centurylink,US,,,
Asiatech,https://w3techs.com/technologies/details/ho-asiatechir,IN,,,
XBT Holding,https://w3techs.com/technologies/details/ho-xbtholding,US,,,
PhoenixNAP,https://w3techs.com/technologies/details/ho-phoenixnap,US,,,
WISeKey Group,https://w3techs.com/technologies/details/sc-groupwisekey,CH,,,
Partner,https://w3techs.com/technologies/details/ho-partnercommunicationsil,US,,,
WPX Hosting,https://w3techs.com/technologies/details/ho-kmediatech,BG,,,
Psychz,https://w3techs.com/technologies/details/ho-psychz,US,,,
PlanetHoster,https://w3techs.com/technologies/details/ho-planethoster,CA,,,
Web Werks,https://w3techs.com/technologies/details/ho-webwerks,IN,,,
o2switch,https://w3techs.com/technologies/details/ho-o2switch,FR,,,
myLoc,https://w3techs.com/technologies/details/ho-myloc,DE,,,
Webempresa,https://w3techs.com/technologies/details/dn-webempresa,ES,,,
QuadraNet,https://w3techs.com/technologies/details/ho-quadranet,US,,,
Registro.br,https://w3techs.com/technologies/details/dn-registrobr,BR,,,
XinNet,https://w3techs.com/technologies/details/dn-xinnet,CN,,,
Voxility,https://w3techs.com/technologies/details/dc-voxility,US,,,
Vodafone,https://w3techs.com/technologies/details/ho-vodafone,GB,,,
Rostelecom Group,https://w3techs.com/technologies/details/ho-grouprostelecom,RU,,,
UpCloud,https://w3techs.com/technologies/details/ho-upcloud,FI,,,
Total Webhosting Solutions,https://w3techs.com/technologies/details/ho-totalwebhostingsolutions,NL,,,
Ticimax,https://w3techs.com/technologies/details/ho-ticimax,TR,,,
Zomro,https://w3techs.com/technologies/details/ho-zomro,UA,,,
UKFast,https://w3techs.com/technologies/details/ho-ukfast,GB,,,
Telia Company Group,https://w3techs.com/technologies/details/ho-groupteliasonera,SE,headquartered in Sweden but created by a Swedish (Telia) + Finnish merger (Sonera),,
Telefónica Group,https://w3techs.com/technologies/details/ho-grouptelefonica,ES,,,
Pars Online,https://w3techs.com/technologies/details/ho-parsonline,MY,,,
THG Hosting,https://w3techs.com/technologies/details/ho-groupuk2,GB,,,
Steadfast,https://w3techs.com/technologies/details/ho-steadfast,US,,,
Sprinthost,https://w3techs.com/technologies/details/ho-sprinthost,RU,,,
VSHosting,https://w3techs.com/technologies/details/ho-vshosting,CZ,,,
Rumahweb,https://w3techs.com/technologies/details/ho-rumahweb,ID,,,
VentraIP,https://w3techs.com/technologies/details/ho-synergywholesale,AU,,,
Vercel,https://w3techs.com/technologies/details/ho-vercel,US,,,
Serverpars,https://w3techs.com/technologies/details/ho-serverpars,IR,,,
Serverel,https://w3techs.com/technologies/details/ho-serverel,US,,,
Veridyen,https://w3techs.com/technologies/details/ho-veridyen,TR,,,
cdmon,https://w3techs.com/technologies/details/dn-cdmon,ES,,,
Visma Group,https://w3techs.com/technologies/details/ho-groupvisma,NO,,,
SK Group,https://w3techs.com/technologies/details/ho-groupsk,KR,,,
Rusonyx,https://w3techs.com/technologies/details/ho-rusonyx,RU,,,
easyDNS Group,https://w3techs.com/technologies/details/dn-groupeasydns,CA,,,
TierPoint,https://w3techs.com/technologies/details/ho-tierpoint,US,,,
20i,https://w3techs.com/technologies/details/ho-20icom,GB,,,
Pair Networks,https://w3techs.com/technologies/details/ho-pairnetworks,US,,,
Faraso Samaneh Pasargad,https://w3techs.com/technologies/details/ho-farasosamanehpasargad,IR,,,
Dinahosting,https://w3techs.com/technologies/details/ho-dinahosting,ES,,,
Domeneshop,https://w3techs.com/technologies/details/dn-domeneshop,NO,,,
DonWeb,https://w3techs.com/technologies/details/ho-donweb,AR,,,
Duda,https://w3techs.com/technologies/details/ho-duda,US,,,
E-Tugra,https://w3techs.com/technologies/details/sc-etugra,TR,,,
Exabytes Group,https://w3techs.com/technologies/details/ho-groupexabytes,MY,,,
Ezoic,https://w3techs.com/technologies/details/dn-ezoic,US,,,
First Colo,https://w3techs.com/technologies/details/ho-firstcolo,US,,,
PS Internet Company,https://w3techs.com/technologies/details/ho-psinternetcompany,KZ,,,
Flexential,https://w3techs.com/technologies/details/ho-flexential,US,,,
Gabia,https://w3techs.com/technologies/details/dn-gabia,KR,,,
GreenWeb,https://w3techs.com/technologies/details/ho-greenweb,GB,is this Green WebHost ('uk's first isp to take green web hosting seriously')?,,
H88,https://w3techs.com/technologies/details/ho-h88,PL,,,
Heroku,https://w3techs.com/technologies/details/ho-heroku,US,,,
HostFeat,https://w3techs.com/technologies/details/dn-hostfeat,US,,,
HostPapa,https://w3techs.com/technologies/details/ho-hostpapa,CA,,,
Deutsche Telekom Group,https://w3techs.com/technologies/details/ho-groupdeutschetelekom,DE,,,
Deutsche Telekom,,DE,,,
Dealer.com,https://w3techs.com/technologies/details/ho-dealercom,US,,,
Dalnet,https://w3techs.com/technologies/details/ho-dalnet,US,"this is an IRC network w servers in theUS, Canada, and Europe",,
DNSimple,https://w3techs.com/technologies/details/dn-dnsimple,US,,,
AT&T;,https://w3techs.com/technologies/details/ho-atandt,US,,,
Actalis,https://w3techs.com/technologies/details/sc-actalis,IT,,,
Advanced Hosting,https://w3techs.com/technologies/details/ho-advancedhosters,NL,,,
Afranet,https://w3techs.com/technologies/details/ho-afranet,IR,,,
Afrihost,https://w3techs.com/technologies/details/ho-afrihost,ZA,,,
Akamai,https://w3techs.com/technologies/details/dn-akamai,US,,,
ArvanCloud,https://w3techs.com/technologies/details/dn-arvancloud,DE,,,
BanaHosting,https://w3techs.com/technologies/details/ho-banahosting,US,,,
CAT Telecom,https://w3techs.com/technologies/details/ho-cattelecom,TH,,,
Cafe24,https://w3techs.com/technologies/details/ho-cafe24,JP,,,
Cogent,https://w3techs.com/technologies/details/ho-cogent,US,guessing this is referring to Cogent Communications?,,
ColoCrossing,https://w3techs.com/technologies/details/ho-colocrossing,US,,,
CtrlS,https://w3techs.com/technologies/details/ho-ctrls,IN,,,
Cybercon,https://w3techs.com/technologies/details/ho-cybercon,US,,,
DGN Teknoloji,https://w3techs.com/technologies/details/ho-dgnteknoloji,TR,,,
Hostiran,https://w3techs.com/technologies/details/ho-hostiran,IR,,,
Hostiserver,https://w3techs.com/technologies/details/ho-hostiserver,CY,,,
Hostland,https://w3techs.com/technologies/details/ho-hostlandru,RU,,,
McHost,https://w3techs.com/technologies/details/ho-mchostru,RU,,,
Metanet,https://w3techs.com/technologies/details/ho-metanetch,US,,,
Metrabyte,https://w3techs.com/technologies/details/ho-metrabyte,TH,,,
Mihan,https://w3techs.com/technologies/details/ho-mihan,IN,,,
Mittwald,https://w3techs.com/technologies/details/ho-mittwald,DE,,,
Mizbanfa,https://w3techs.com/technologies/details/dn-mizbanfa,IR,,,
MochaHost,https://w3techs.com/technologies/details/ho-mochahost,US,,,
NameSilo,https://w3techs.com/technologies/details/dn-namesilo,US,,,
Nazwa.pl,https://w3techs.com/technologies/details/dn-nazwapl,PL,,,
NetAngels,https://w3techs.com/technologies/details/ho-netangels,RU,,,
Netdirekt,https://w3techs.com/technologies/details/ho-netdirekt,US,,,
Nexcess,https://w3techs.com/technologies/details/ho-nexcess,US,,,
Nhan Hoa,https://w3techs.com/technologies/details/ho-nhanhoa,VN,,,
Ntirety,https://w3techs.com/technologies/details/ho-ntirety,US,,,
Online data services,https://w3techs.com/technologies/details/ho-onlinedataservices,VN,,,
Oracle,https://w3techs.com/technologies/details/dc-oracle,US,,,
Megagroup.ru,https://w3techs.com/technologies/details/ho-megagroupru,RU,,,
Master Internet,https://w3techs.com/technologies/details/ho-masterinternet,US,"couldn't find ""Master Internet"", but found ""Hosting Master Internet"" in AZ",,
Hostpro,https://w3techs.com/technologies/details/ho-hostproua,UA,,,
MarkMonitor,https://w3techs.com/technologies/details/dn-markmonitor,US,,,
IDC Frontier,https://w3techs.com/technologies/details/ho-idcfrontier,JP,,,
IOFlood,https://w3techs.com/technologies/details/ho-ioflood,US,,,
Infomaniak,https://w3techs.com/technologies/details/ho-infomaniak,CH,,,
InterServer,https://w3techs.com/technologies/details/ho-interserver,US,,,
Internet Names for Business,https://w3techs.com/technologies/details/ho-internetnamesforbusiness,CA,operates in Canada but is subsidiary of Deluxe Corporation inUS,,
Internet Thailand,https://w3techs.com/technologies/details/ho-internetthailand,TH,referring to Internet Thailand PCL -- an ISP?,,
Internet.BS,https://w3techs.com/technologies/details/dn-internetbs,BS,,,
Interneto Vizija,https://w3techs.com/technologies/details/ho-internetovizija,LT,,,
Isimtescil,https://w3techs.com/technologies/details/ho-isimtescil,TR,,,
Jimdo,https://w3techs.com/technologies/details/ho-jimdo,DE,,,
KDDI Group,https://w3techs.com/technologies/details/ho-groupkddi,US,,,
Krystal,https://w3techs.com/technologies/details/ho-krystal,GB,,,
LG Group,https://w3techs.com/technologies/details/ho-grouplg,KR,,,
Locaweb,https://w3techs.com/technologies/details/ho-locaweb,BR,,,
Majordomo,https://w3techs.com/technologies/details/ho-majordomo,RU,,,
uKit Group,https://w3techs.com/technologies/details/ho-groupukit,RU,,,
Hurricane Electric,https://w3techs.com/technologies/details/ho-hurricaneelectric,US,,,
Confluence-Networks,https://w3techs.com/technologies/details/dc-confluencenetworks,US,,,
Facebook,https://w3techs.com/technologies/details/so-facebookwidgets,US,,,
Twitter,https://w3techs.com/technologies/details/so-twitterwidgets,US,,,
Pinterest,https://w3techs.com/technologies/details/so-pinterest,US,,,
AddThis,https://w3techs.com/technologies/details/so-addthis,US,,,
LinkedIn,https://w3techs.com/technologies/details/so-linkedinwidgets,US,,,
AddToAny,https://w3techs.com/technologies/details/so-addtoany,US,,,
WhatsApp,https://w3techs.com/technologies/details/so-whatsapp,US,,,
ShareThis,https://w3techs.com/technologies/details/so-sharethis,US,,,
Reddit,https://w3techs.com/technologies/details/so-redditwidgets,US,,,
VKontakte,https://w3techs.com/technologies/details/so-vkontakte,RU,,,
Tumblr,https://w3techs.com/technologies/details/so-tumblrwidgets,US,,,
Shareaholic,https://w3techs.com/technologies/details/so-shareaholic,US,https://www.bloomberg.com/profile/company/0407214Z:US,,
UpToLike,https://w3techs.com/technologies/details/so-uptolike,RU,https://www.crunchbase.com/organization/uptolike,,
Yandex,https://w3techs.com/technologies/details/so-yandexwidgets,RU,,,
StumbleUpon,https://w3techs.com/technologies/details/so-stumbleuponwidgets,US,,,
Digg,https://w3techs.com/technologies/details/so-diggwidgets,US,,,
Pluso,https://w3techs.com/technologies/details/so-pluso,US,,,
Odnoklassniki,https://w3techs.com/technologies/details/so-odnoklassniki,RU,,,
MySpace,https://w3techs.com/technologies/details/so-myspacewidgets,US,,,
Baidu Share,https://w3techs.com/technologies/details/so-baidushare,CN,,,
LiveJournal,https://w3techs.com/technologies/details/so-livejournal,US,,,
Buffer,https://w3techs.com/technologies/details/so-buffer,,weirdly hard to find... https://buffer.com/about,,
E-MAILiT,https://w3techs.com/technologies/details/so-emailit,,https://www.e-mailit.com/about,,
Newsvine,https://w3techs.com/technologies/details/so-newsvinewidgets,,,,
Mail.Ru,https://w3techs.com/technologies/details/so-mailru,RU,,,
Hacker News,https://w3techs.com/technologies/details/so-hackernews,US,,,
Weibo,https://w3techs.com/technologies/details/so-weiboshare,CN,,,
Xing,https://w3techs.com/technologies/details/so-xingwidgets,ES,https://www.xing.com/legalnotice,,
.com,https://w3techs.com/technologies/details/tld-com-,US,,,
.ru,https://w3techs.com/technologies/details/tld-ru-,RU,,,
.org,https://w3techs.com/technologies/details/tld-org-,US,https://en.wikipedia.org/wiki/Afilias,,
.net,https://w3techs.com/technologies/details/tld-net-,US,,,
.ir,https://w3techs.com/technologies/details/tld-ir-,IR,,,
.in,https://w3techs.com/technologies/details/tld-in-,IN,,,
.au,https://w3techs.com/technologies/details/tld-au-,US,https://en.wikipedia.org/wiki/Afilias,,
.uk,https://w3techs.com/technologies/details/tld-uk-,GB,,,
.de,https://w3techs.com/technologies/details/tld-de-,DE,,,
.ua,https://w3techs.com/technologies/details/tld-ua-,UA,,,
.ca,https://w3techs.com/technologies/details/tld-ca-,CA,,,
.jp,https://w3techs.com/technologies/details/tld-jp-,JP,,,
.tr,https://w3techs.com/technologies/details/tld-tr-,TR,,,
.vn,https://w3techs.com/technologies/details/tld-vn-,VN,,,
.co,https://w3techs.com/technologies/details/tld-co-,CO,,,
.gr,https://w3techs.com/technologies/details/tld-gr-,GR,,,
.fr,https://w3techs.com/technologies/details/tld-fr-,FR,,,
.br,https://w3techs.com/technologies/details/tld-br-,BR,,,
.info,https://w3techs.com/technologies/details/tld-info-,US,https://en.wikipedia.org/wiki/Afilias,,
.id,https://w3techs.com/technologies/details/tld-id-,ID,,,
.pl,https://w3techs.com/technologies/details/tld-pl-,PL,,,
.it,https://w3techs.com/technologies/details/tld-it-,IT,,,
.tw,https://w3techs.com/technologies/details/tld-tw-,TW,,,
.eu,https://w3techs.com/technologies/details/tld-eu-,EU,,,
.io,https://w3techs.com/technologies/details/tld-io-,US,https://en.wikipedia.org/wiki/Afilias,,
.nl,https://w3techs.com/technologies/details/tld-nl-,NL,,,
.mx,https://w3techs.com/technologies/details/tld-mx-,MX,,,
.es,https://w3techs.com/technologies/details/tld-es-,ES,,,
.by,https://w3techs.com/technologies/details/tld-by-,BY,,,
.za,https://w3techs.com/technologies/details/tld-za-,ZA,,,
.cn,https://w3techs.com/technologies/details/tld-cn-,CN,,,
.ch,https://w3techs.com/technologies/details/tld-ch-,CH,,,
.kr,https://w3techs.com/technologies/details/tld-kr-,KR,,,
.ar,https://w3techs.com/technologies/details/tld-ar-,AR,,,
.xyz,https://w3techs.com/technologies/details/tld-xyz-,GB,https://en.wikipedia.org/wiki/CentralNic,,
.us,https://w3techs.com/technologies/details/tld-us-,US,,,
.il,https://w3techs.com/technologies/details/tld-il-,IL,,,
.cz,https://w3techs.com/technologies/details/tld-cz-,CZ,,,
.nz,https://w3techs.com/technologies/details/tld-nz-,NZ,,,
.me,https://w3techs.com/technologies/details/tld-me-,US,https://en.wikipedia.org/wiki/Afilias,,
.рф,https://w3techs.com/technologies/details/tld-xn--p1ai-,RU,,,
.online,https://w3techs.com/technologies/details/tld-online-,US,https://en.wikipedia.org/wiki/.online,,
.rs,https://w3techs.com/technologies/details/tld-rs-,RS,,,
.sg,https://w3techs.com/technologies/details/tld-sg-,SG,,,
.pk,https://w3techs.com/technologies/details/tld-pk-,PK,,,
.se,https://w3techs.com/technologies/details/tld-se-,SE,,,
.my,https://w3techs.com/technologies/details/tld-my-,MY,,,
.hu,https://w3techs.com/technologies/details/tld-hu-,HU,,,
.tk,https://w3techs.com/technologies/details/tld-tk-,NZ,,,
.th,https://w3techs.com/technologies/details/tld-th-,TH,,,
.be,https://w3techs.com/technologies/details/tld-be-,BE,,,
.biz,https://w3techs.com/technologies/details/tld-biz-,US,https://en.wikipedia.org/wiki/.biz,,
.cl,https://w3techs.com/technologies/details/tld-cl-,CL,,,
.dk,https://w3techs.com/technologies/details/tld-dk-,DK,,,
.tv,https://w3techs.com/technologies/details/tld-tv-,TV,,,
.ro,https://w3techs.com/technologies/details/tld-ro-,RO,,,
.pro,https://w3techs.com/technologies/details/tld-pro-,US,https://en.wikipedia.org/wiki/Afilias,,
.kz,https://w3techs.com/technologies/details/tld-kz-,KZ,,,
.tech,https://w3techs.com/technologies/details/tld-tech-,AE,Radix,,
.sk,https://w3techs.com/technologies/details/tld-sk-,SK,,,
.tn,https://w3techs.com/technologies/details/tld-tn-,TN,,,
.sa,https://w3techs.com/technologies/details/tld-sa-,SA,,,
.top,https://w3techs.com/technologies/details/tld-top-,CN,https://icannwiki.org/Top_Registry,,
.shop,https://w3techs.com/technologies/details/tld-shop-,JP,GMO Registry,,
.su,https://w3techs.com/technologies/details/tld-su-,RU,https://en.wikipedia.org/wiki/Russian_Institute_for_Public_Networks,,
.si,https://w3techs.com/technologies/details/tld-si-,SI,,,
.site,https://w3techs.com/technologies/details/tld-site-,AE,Radix,,
.uz,https://w3techs.com/technologies/details/tld-uz-,UZ,,,
.store,https://w3techs.com/technologies/details/tld-store-,AE,Radix,,
.ae,https://w3techs.com/technologies/details/tld-ae-,AE,,,
.pt,https://w3techs.com/technologies/details/tld-pt-,PT,,,
.ph,https://w3techs.com/technologies/details/tld-ph-,PH,,,
.app,https://w3techs.com/technologies/details/tld-app-,US,Google https://icannwiki.org/.app,,
.at,https://w3techs.com/technologies/details/tld-at-,AT,,,
.az,https://w3techs.com/technologies/details/tld-az-,AZ,,,
.bd,https://w3techs.com/technologies/details/tld-bd-,BD,,,
.bg,https://w3techs.com/technologies/details/tld-bg-,BG,,,
.cc,https://w3techs.com/technologies/details/tld-cc-,CC,,,
.club,https://w3techs.com/technologies/details/tld-club-,US,https://icannwiki.org/Neustar,,
.edu,https://w3techs.com/technologies/details/tld-edu-,US,,,
.ee,https://w3techs.com/technologies/details/tld-ee-,EE,,,
.fi,https://w3techs.com/technologies/details/tld-fi-,FI,,,
.ge,https://w3techs.com/technologies/details/tld-ge-,GE,,,
.hk,https://w3techs.com/technologies/details/tld-hk-,CN,https://icannwiki.org/HKIRC,,
.hr,https://w3techs.com/technologies/details/tld-hr-,HR,,,
.ie,https://w3techs.com/technologies/details/tld-ie-,IE,,,
.ke,https://w3techs.com/technologies/details/tld-ke-,KE,,,
.live,https://w3techs.com/technologies/details/tld-live-,US,https://icannwiki.org/.live,,
.lk,https://w3techs.com/technologies/details/tld-lk-,LK,,,
.ai,https://w3techs.com/technologies/details/tld-ai-,AI,,,
.lv,https://w3techs.com/technologies/details/tld-lv-,LV,,,
.ma,https://w3techs.com/technologies/details/tld-ma-,MA,,,
.mk,https://w3techs.com/technologies/details/tld-mk-,MK,,,
.ng,https://w3techs.com/technologies/details/tld-ng-,NG,,,
.no,https://w3techs.com/technologies/details/tld-no-,NO,,,
.np,https://w3techs.com/technologies/details/tld-np-,NP,,,
.pe,https://w3techs.com/technologies/details/tld-pe-,PE,,,
.lt,https://w3techs.com/technologies/details/tld-lt-,LT,,,
.mil,https://en.wikipedia.org/wiki/.mil,US,,,
.gov,https://en.wikipedia.org/wiki/.gov,US,,,
.foundation,https://en.wikipedia.org/wiki/List_of_Internet_top-level_domains#N,US,,,
.host,https://en.wikipedia.org/wiki/List_of_Internet_top-level_domains#N,AE,Radix,,
.cat,https://icannwiki.org/PuntCAT,ES,,,
.agency,https://icannwiki.org/.agency,US,Donuts,,
.icu,https://icannwiki.org/.icu,GB,ShorDot - https://shortdot.bond/terms-and-conditions-for-domain-registration/,,
.to,https://en.wikipedia.org/wiki/.to,TO,,,
.is,https://icannwiki.org/ISNIC,IS,,,
.fm,https://icannwiki.org/.fm,FM,,,
.website,https://icannwiki.org/.website,AE,Radix,,
.name,https://icannwiki.org/.name,US,Verisign,,
.int,https://icannwiki.org/.int,US,IANA -> ICANN,,
.news,https://icannwiki.org/.news,US,Rightside,,
.kp,https://en.wikipedia.org/wiki/.kp,KP,,,
.ly,https://icannwiki.org/General_Post_and_Telecommunications_Company,LY,,,
.gg,https://icannwiki.org/CI_Domain_Registry_Ltd,GB,,,
.google,https://icannwiki.org/.google,US,how many other companies have their trademark as a TLD....? very infrastructural move,,
.sb,https://en.wikipedia.org/wiki/.sb,SB,,,
.mg,https://en.wikipedia.org/wiki/.mg,MG,,,
.li,https://en.wikipedia.org/wiki/.li,LI,,,
.rocks,https://icannwiki.org/.rocks,US,Rightside,,
.cloud,https://icannwiki.org/.cloud,IT,Aruba PEC SpA,,
.sex,https://icannwiki.org/.sex,US,ICM Registry,,
.xxx,https://icannwiki.org/ICM_Registry,US,ICM Registry,,
.eg,https://icannwiki.org/Egyptian_Universities_Network,EG,,,
.gratis,https://icannwiki.org/.gratis,US,Donuts,,
.asia,https://icannwiki.org/The_DotAsia_Organisation,HK,,,
.va,https://icannwiki.org/Internet_Office_of_the_Holy_See,VA,,,
.love,https://icannwiki.org/Merchant_Law_Group_LLP,CA,,,
.art,https://icannwiki.org/.art,GB,,,
.club,https://icannwiki.org/.club,US,https://icannwiki.org/.CLUB_Domains_LLC,,
.blog,https://icannwiki.org/.blog,US,,,
.law,https://icannwiki.org/.law,US,"https://icannwiki.org/Minds_and_Machines,_LLC",,
.app,https://icannwiki.org/.app,US,,,
.sx,,SX,,,
.blue,https://icannwiki.org/.blue,US,,,
.mobi,https://icannwiki.org/.mobi,,sponsored TLD with unclear jruisdiction...,,
.kg,,KG,,,
.ps,,PS,,,
.qa,,QA,,,
.sc,,SC,,,
.cafe,,US,Donuts,,
.space,,UA,Radix,,
.uy,,UY,,,
.sh,,GB,,,
.la,,LA,,,
.jo,,JO,,,
.mm,,MM,,,
.im,,IM,,,
.ec,,EC,,,
.black,,US,Afilas,,
.chat,,US,Donuts,,
.ooo,https://icannwiki.org/.ooo,IN,https://en.wikipedia.org/wiki/Infibeam,,
.click,https://icannwiki.org/.click,KY,https://icannwiki.org/Uniregistry,,
.cool,,US,Donuts,,
.social,https://icannwiki.org/.social,US,Rightside,,
.onl,https://icannwiki.org/.onl,DE,I-REGISTRY,,
.ve,,VE,,,
.lb,https://en.wikipedia.org/wiki/.lb,LB,"This is adminstered by American University of Beirut - unclear what their relationship to the US is, or if they would be forced to comply with US laws/regulations",,
.zw,https://en.wikipedia.org/wiki/.zw,ZW,,,
.love,https://icannwiki.org/.love,CA,https://icannwiki.org/Merchant_Law_Group_LLP,,
.ws,,WS,Samoa,,
AT&T,,US,,data center,
FREEhost.com.ua,,UA,,data center,
Cellcom,,US,,data center,
WebSupport,,SK,,data center,
Blacknight,,US,https://www.blackknightinc.com/about-black-knight/,data center,
Zone Media,,HR,https://www.linkedin.com/company/zonemedia2/,data center,
Sentia,,,,data center,
HKBN,,,,data center,
Romarg,,,,data center,
Sedmi Odjel,,,,data center,
GMedia,,,,data center,
PTisp,,,,data center,
TheGigabit,,,,data center,
GlobalConnect,,,,data center,
Shinjiru,,MY,https://www.shinjiru.com/terms-conditions/,data center,
WireNet Chile,,,,data center,
Hosting.cl,,,,data center,
CaucasUSOnline,,,,data center,
Delta Telecom,,,,data center,
Jakob Hatteland Solutions,,,,data center,
Hoster.kg,,,,data center,
Alestra,,,,data center,
Telecom Algeria,,,,data center,
Kamatera,,,,data center,
TPS,,,,data center,
Telecom Egypt,,,,data center,
National DC Mongolia,,,,data center,
Trellian,,,,data center,
1984 Hosting,,IS,https://www.1984hosting.com/,data center,
ETECSA,,,,data center,
Turkmentelecom,,,,data center,
Fast Telecommunications,,,,data center,
CDK Global,,,,data center,
Bhutan Telecom,,,,data center,
Omantel,,,,data center,
Telecom Malagasy,,,,data center,
CDmon,,,,web host,
Handy Networks,,,,web host,
Gainet,,,,web host,
FREEhost.com.ua,,,,web host,
Infobox,,,,web host,
Kagoya,,,,web host,
Seeweb,,,,web host,
Cellcom,,,,web host,
Bezeq Group,,,,web host,
WebSupport,,,,web host,
Wedos,,,,web host,
United Group,,,,web host,
Blacknight,,,,web host,
KingHost,,,,web host,
SiteSell,,,,web host,
Kei.pl,,,,web host,
Filanco,,,,web host,
Liberty Global Group,,,,web host,
Internet Initiative Japan,,,,web host,
Serverius,,,,web host,
Zone Media,,,,web host,
Limestone Networks,,,,web host,
Casablanca,,,,web host,
Codero,,,,web host,
WorldStream,,,,web host,
Tiggee,,,,web host,
KPN Group,,,,web host,
Claranet,,,,web host,
Masterweb,,,,web host,
Baidu,,,,web host,
IPServerOne,,,,web host,
New World Telecom,,,,web host,
GleSYS,,,,web host,
Melbourne IT Group,,,,web host,
Serverplan,,,,web host,
Colt,,,,web host,
Antagonist,,,,web host,
Kazakhtelecom Group,,,,web host,
Atlantic.net,,,,web host,
Neustar,,,,web host,
Irideos,,,,web host,
BIT,,,,web host,
NFOrce Entertainment,,,,web host,
A1 Telekom Austria Group,,,,web host,
Tele2,,,,web host,
TRUE,,,,web host,
NetSuite,,,,web host,
Nessus,,,,web host,
VNET,,,,web host,
Tilaa,,,,web host,
Nine Internet Solutions,,,,web host,
Micron21,,,,web host,
Cincinnati Bell Group,https://www.cincinnatibell.com/help-center/contact-us,US,,web host,
OTE,,,,web host,
Domenca,,,,web host,
Deninet,,,,web host,
VADS Cloud Services,,,,web host,
CaucasUSOnline,,,,web host,
Accretive,,,,web host,
Webglobe-Yegon,,,,web host,
TDC Group,,,,web host,
LightEdge,,,,web host,
Cologix,,,,web host,
CITIC Group,,,,web host,
DEAC,,,,web host,
Windstream,,,,web host,
Hoster.kg,,,,web host,
Swan,,,,web host,
Neterra,,,,web host,
Atlantic Metro,,,,web host,
GTT,,,,web host,
Contegix,,,,web host,
Ning,,,,web host,
Telecom Algeria,,,,web host,
Optimum,,,,web host,
Syrian Telecom,,,,web host,
TPS,,,,web host,
NewMedia Express,,,,web host,
Advania,,,,web host,
National DC Mongolia,,,,web host,
NetDepot,,,,web host,
i3D.net,,,,web host,
Vevida,,,,web host,
Prolocation,,,,web host,
Cyso,,,,web host,
ServerStack,,,,web host,
Biglobe,,,,web host,
Datagroup,,,,web host,
ETECSA,,,,web host,
Camel Host,,,,web host,
Core-Backbone,,,,web host,
Elisa,,,,web host,
EDIS,,,,web host,
Dwi Tunggal Putra,,,,web host,
iNES,,,,web host,
AS33891 Netzbetrieb,,,,web host,
Basefarm,,,,web host,
GTT a.s.,,,,web host,
Ziggo,,,,web host,
Knipp,,,,web host,
Storm Internet,,,,web host,
ElCat,,,,web host,
Citmatel,,,,web host,
DoD Network Information Center,,,,web host,
Hewlett-Packard,,US,,web host,
Bhutan Telecom,,,,web host,
Kyrgyztelecom,,,,web host,
Info.nl,,,,web host,
SK Communications,,,,web host,
VTR Globalcom,,,,web host,
Imagine,,,,web host,
Apple,,US,,web host,
Wikimedia,,US,,web host,
@iPower,,,,web host,
Micro Logic Systems,,,,web host,
NetIRD,,,,web host,
Ascenty,,,,web host,
OPT-NC Group,,,,web host,
Global Access,,,,web host,
Kyocera,,,,web host,
Afraid,,US,https://freedns.afraid.org/contact/,dns server,
Homestead,,US,https://www.homestead.com/about-us.html,dns server,
No-IP,,US,https://en.wikipedia.org/wiki/No-IP,dns server,
BuddyNS,,,,dns server,
Dynu,,US,https://www.dynu.com/en-US,dns server,
MakeShop Japan,,JP,,dns server,
Trellian Group,,AU,https://www.trellian.com/company.htm,dns server,
Amazon CloudFront,,US,,reverse proxy,
Fastly,,US,,reverse proxy,
Imperva,,US,,reverse proxy,
StackPath,,US,,reverse proxy,
DOSarrest,,CA,https://www.dosarrest.com/corporate-location/,reverse proxy,
CDNetworks,,KR,,reverse proxy,
Quantil,,US,,reverse proxy,
Limelight,,US,,reverse proxy,
BitGravity,,US,,reverse proxy,
CacheFly,,US,,reverse proxy,
Trustwave,,US,,certificate authority,
TWCA,,,,certificate authority,
SwissSign,,CH,https://www.swisssign.com/en/,certificate authority,
Logius,,,,certificate authority,
Camerfirma,,,,certificate authority,
Buypass,,,,certificate authority,
Network Solutions,,,,certificate authority,
Hongkong Post,,CN,,certificate authority,
Certigna,,,,certificate authority,
StartCom,https://en.wikipedia.org/wiki/StartCom,CN,,certificate authority,
Izenpe,,,,certificate authority,
Microsec,,,,certificate authority,
CertSIGN,,,,certificate authority,
Harica,,,,certificate authority,
Disig,,,,certificate authority,
Sertifitseerimiskeskus,,EE,https://www.skidsolutions.eu/en/News/as-sertifitseerimiskeskus-has-a-new-name,certificate authority,
Afghanistan,,AF,,server-location,
Albania,,AL,,server-location,
Algeria,,DZ,,server-location,
American Samoa,,AS,,server-location,
Andorra,,AD,,server-location,
Angola,,AO,,server-location,
Anguilla,,AI,,server-location,
Antarctica,,AQ,,server-location,
Antigua and Barbuda,,AG,,server-location,
Argentina,,AR,,server-location,
Armenia,,AM,,server-location,
Aruba,,AW,,server-location,
Australia,,AU,,server-location,
Austria,,AT,,server-location,
Azerbaijan,,AZ,,server-location,
Bahamas,,BS,,server-location,
Bahrain,,BH,,server-location,
Bangladesh,,BD,,server-location,
Barbados,,BB,,server-location,
Belarus,,BY,,server-location,
Belgium,,BE,,server-location,
Belize,,BZ,,server-location,
Benin,,BJ,,server-location,
Bermuda,,BM,,server-location,
Bhutan,,BT,,server-location,
"Bolivia, Plurinational State of",,BO,,server-location,
Bolivia,,BO,,server-location,
Bosnia and Herzegovina,,BA,,server-location,
Botswana,,BW,,server-location,
Bouvet Island,,BV,,server-location,
Brazil,,BR,,server-location,
British Indian Ocean Territory,,IO,,server-location,
Brunei Darussalam,,BN,,server-location,
Brunei,,BN,,server-location,
Bulgaria,,BG,,server-location,
Burkina Faso,,BF,,server-location,
Burundi,,BI,,server-location,
Cambodia,,KH,,server-location,
Cameroon,,CM,,server-location,
Canada,,CA,,server-location,
Cape Verde,,CV,,server-location,
Cayman Islands,,KY,,server-location,
Central African Republic,,CF,,server-location,
Chad,,TD,,server-location,
Chile,,CL,,server-location,
China,,CN,,server-location,
Christmas Island,,CX,,server-location,
Cocos (Keeling) Islands,,CC,,server-location,
Colombia,,CO,,server-location,
Comoros,,KM,,server-location,
Congo,,CG,,server-location,
"Congo, the Democratic Republic of the",,CD,,server-location,
Cook Islands,,CK,,server-location,
Costa Rica,,CR,,server-location,
Côte d'Ivoire,,CI,,server-location,
Ivory Coast,,CI,,server-location,
Croatia,,HR,,server-location,
Cuba,,CU,,server-location,
Cyprus,,CY,,server-location,
Curacao,,CW,,server-location,
Czech Republic,,CZ,,server-location,
Denmark,,DK,,server-location,
Djibouti,,DJ,,server-location,
Dominica,,DM,,server-location,
Dominican Republic,,DO,,server-location,
Ecuador,,EC,,server-location,
Egypt,,EG,,server-location,
El Salvador,,SV,,server-location,
Equatorial Guinea,,GQ,,server-location,
Eritrea,,ER,,server-location,
Estonia,,EE,,server-location,
Ethiopia,,ET,,server-location,
Falkland Islands (Malvinas),,FK,,server-location,
Faroe Islands,,FO,,server-location,
Fiji,,FJ,,server-location,
Finland,,FI,,server-location,
France,,FR,,server-location,
French Guiana,,GF,,server-location,
French Polynesia,,PF,,server-location,
French Southern Territories,,TF,,server-location,
Gabon,,GA,,server-location,
Gambia,,GM,,server-location,
Georgia,,GE,,server-location,
Germany,,DE,,server-location,
Ghana,,GH,,server-location,
Gibraltar,,GI,,server-location,
Greece,,GR,,server-location,
Greenland,,GL,,server-location,
Grenada,,GD,,server-location,
Guadeloupe,,GP,,server-location,
Guam,,GU,,server-location,
Guatemala,,GT,,server-location,
Guernsey,,GG,,server-location,
Guinea,,GN,,server-location,
Guinea-Bissau,,GW,,server-location,
Guyana,,GY,,server-location,
Haiti,,HT,,server-location,
Heard Island and McDonald Islands,,HM,,server-location,
Holy See (Vatican City State),,VA,,server-location,
Honduras,,HN,,server-location,
Hong Kong,,HK,,server-location,
Hungary,,HU,,server-location,
Iceland,,IS,,server-location,
India,,IN,,server-location,
Indonesia,,ID,,server-location,
"Iran, Islamic Republic of",,IR,,server-location,
Iran,,IR,,server-location,
Iraq,,IQ,,server-location,
Ireland,,IE,,server-location,
Isle of Man,,IM,,server-location,
Israel,,IL,,server-location,
Italy,,IT,,server-location,
Jamaica,,JM,,server-location,
Japan,,JP,,server-location,
Jersey,,JE,,server-location,
Jordan,,JO,,server-location,
Kazakhstan,,KZ,,server-location,
Kenya,,KE,,server-location,
Kiribati,,KI,,server-location,
"Korea, Democratic People's Republic of",,KP,,server-location,
"Korea, Republic of",,KR,,server-location,
South Korea,,KR,,server-location,
Kuwait,,KW,,server-location,
Kyrgyzstan,,KG,,server-location,
Lao People's Democratic Republic,,LA,,server-location,
Latvia,,LV,,server-location,
Lebanon,,LB,,server-location,
Lesotho,,LS,,server-location,
Liberia,,LR,,server-location,
Libyan Arab Jamahiriya,,LY,,server-location,
Libya,,LY,,server-location,
Liechtenstein,,LI,,server-location,
Lithuania,,LT,,server-location,
Luxembourg,,LU,,server-location,
Macao,,MO,,server-location,
"Macedonia, the former Yugoslav Republic of",,MK,,server-location,
Madagascar,,MG,,server-location,
Malawi,,MW,,server-location,
Malaysia,,MY,,server-location,
Maldives,,MV,,server-location,
Mali,,ML,,server-location,
Malta,,MT,,server-location,
Marshall Islands,,MH,,server-location,
Martinique,,MQ,,server-location,
Mauritania,,MR,,server-location,
Mauritius,,MU,,server-location,
Mayotte,,YT,,server-location,
Mexico,,MX,,server-location,
"Micronesia, Federated States of",,FM,,server-location,
"Moldova, Republic of",,MD,,server-location,
Monaco,,MC,,server-location,
Mongolia,,MN,,server-location,
Montenegro,,ME,,server-location,
Montserrat,,MS,,server-location,
Morocco,,MA,,server-location,
Mozambique,,MZ,,server-location,
Myanmar,,MM,,server-location,
Burma,,MM,,server-location,
Namibia,,NA,,server-location,
Nauru,,NR,,server-location,
Nepal,,NP,,server-location,
Netherlands,,NL,,server-location,
Netherlands Antilles,,AN,,server-location,
New Caledonia,,NC,,server-location,
New Zealand,,NZ,,server-location,
Nicaragua,,NI,,server-location,
Niger,,NE,,server-location,
Nigeria,,NG,,server-location,
Niue,,NU,,server-location,
Norfolk Island,,NF,,server-location,
Northern Mariana Islands,,MP,,server-location,
Norway,,NO,,server-location,
Oman,,OM,,server-location,
Pakistan,,PK,,server-location,
Palau,,PW,,server-location,
"Palestinian Territory, Occupied",,PS,,server-location,
Panama,,PA,,server-location,
Papua New Guinea,,PG,,server-location,
Paraguay,,PY,,server-location,
Peru,,PE,,server-location,
Philippines,,PH,,server-location,
Pitcairn,,PN,,server-location,
Poland,,PL,,server-location,
Portugal,,PT,,server-location,
Puerto Rico,,PR,,server-location,
Qatar,,QA,,server-location,
Réunion,,RE,,server-location,
Romania,,RO,,server-location,
Russian Federation,,RU,,server-location,
Russia,,RU,,server-location,
Rwanda,,RW,,server-location,
"Saint Helena, Ascension and Tristan da Cunha",,SH,,server-location,
Saint Kitts and Nevis,,KN,,server-location,
Saint Lucia,,LC,,server-location,
Saint Pierre and Miquelon,,PM,,server-location,
Saint Vincent and the Grenadines,,VC,,server-location,
Saint Vincent & the Grenadines,,VC,,server-location,
St. Vincent and the Grenadines,,VC,,server-location,
Samoa,,WS,,server-location,
San Marino,,SM,,server-location,
Sao Tome and Principe,,ST,,server-location,
Saudi Arabia,,SA,,server-location,
Senegal,,SN,,server-location,
Serbia,,RS,,server-location,
Seychelles,,SC,,server-location,
Sierra Leone,,SL,,server-location,
Singapore,,SG,,server-location,
Slovakia,,SK,,server-location,
Slovenia,,SI,,server-location,
Solomon Islands,,SB,,server-location,
Somalia,,SO,,server-location,
South Africa,,ZA,,server-location,
South Georgia and the South Sandwich Islands,,GS,,server-location,
Spain,,ES,,server-location,
Sri Lanka,,LK,,server-location,
Sudan,,SD,,server-location,
Suriname,,SR,,server-location,
Svalbard and Jan Mayen,,SJ,,server-location,
Swaziland,,SZ,,server-location,
Sweden,,SE,,server-location,
Switzerland,,CH,,server-location,
Syrian Arab Republic,,SY,,server-location,
"Taiwan, Province of China",,TW,,server-location,
Taiwan,,TW,,server-location,
Tajikistan,,TJ,,server-location,
"Tanzania, United Republic of",,TZ,,server-location,
Thailand,,TH,,server-location,
Timor-Leste,,TL,,server-location,
Togo,,TG,,server-location,
Tokelau,,TK,,server-location,
Tonga,,TO,,server-location,
Trinidad and Tobago,,TT,,server-location,
Trinidad & Tobago,,TT,,server-location,
Tunisia,,TN,,server-location,
Turkey,,TR,,server-location,
Turkmenistan,,TM,,server-location,
Turks and Caicos Islands,,TC,,server-location,
Tuvalu,,TV,,server-location,
Uganda,,UG,,server-location,
Ukraine,,UA,,server-location,
United Arab Emirates,,AE,,server-location,
United Kingdom,,GB,,server-location,
United States,,US,,server-location,
United States Minor Outlying Islands,,UM,,server-location,
Uruguay,,UY,,server-location,
Uzbekistan,,UZ,,server-location,
Vanuatu,,VU,,server-location,
"Venezuela, Bolivarian Republic of",,VE,,server-location,
Venezuela,,VE,,server-location,
Viet Nam,,VN,,server-location,
Vietnam,,VN,,server-location,
"Virgin Islands, British",,VG,,server-location,
"Virgin Islands, U.S.",,VI,,server-location,
Wallis and Futuna,,WF,,server-location,
Western Sahara,,EH,,server-location,
Yemen,,YE,,server-location,
Zambia,,ZM,,server-location,
Zimbabwe,,ZW,,server-location,
Sucuri,https://sucuri.net/company/,US,,,Godaddy/Mediatemple owned
Verizon Digital Media,https://www.verizondigitalmedia.com/our-company/about/,US,,,
SingleHop,https://en.wikipedia.org/wiki/SingleHop,US,,,
Variti,https://www.variti.com/contact-us,GB,,,
Symantec Group,https://www.broadcom.com/products/cyber-security,US,,,Owned by Broadcom
Newfold Digital,https://newfold.com/,US,,,Inferring from privacy policy: https://assets.web.com/legal/English/PrivacyPolicy.pdf
DDoS-Guard,https://en.wikipedia.org/wiki/DDoS-Guard,RU,,,
Yahoo Group,,US,,,
Register Group,https://www.registergroup.eu/en/,IT,,,
Qrator,https://www.linkedin.com/company/qrator-ltd/about/,GB,,,
Level 3,https://en.wikipedia.org/wiki/Level_3_Communications,US,,,
Intelligent Group,https://www.intelligentfiber.com/,US,,,
Cloudways,https://www.cloudways.com/en/,MT,,,